name,type,website,youtube,github,twitter,nostr,platforms
402 Payment Required,creator,,https://www.youtube.com/@402PaymentRequired,,,,
88 Sats Radio,creator,,https://www.youtube.com/@88SATSradio,,,,
Adam O'Brien,creator,,https://www.youtube.com/@adamobrien_,,,,
Adam Soltys,creator,,https://www.youtube.com/@adamsoltys1,,,,
AI Invests,creator,,https://www.youtube.com/@AIInvests,,,,
Altair Technology,creator,,https://www.youtube.com/@altairtech,,,,
AnchorWatch,creator,,https://www.youtube.com/@AnchorWatchInsurance,,,,
Andrew with Laser Eyes,creator,,https://www.youtube.com/@andrew_with_laser_eyes,,,,
Area Bitcoin English,creator,,https://www.youtube.com/@areabitcoin.english,,,,
Arman the Parman,creator,,https://www.youtube.com/@parman_the,,,,
Avalon Support,creator,,https://www.youtube.com/@AvalonSupport,,,,
Avoidbit,creator,,https://www.youtube.com/@avoidbit,,,,
b.b. 2k16,creator,,https://www.youtube.com/@bb2k16,,,,
BitBagger,creator,,https://www.youtube.com/@bitbagger,,,,
BitBox,creator,,https://www.youtube.com/@bitboxswiss,,,,
Bitcoin Brandon,creator,,https://www.youtube.com/@bitcoinbrandon9995,,,,
Bitcoin Classroom,creator,,https://www.youtube.com/@BitcoinClassroom,,,,
Bitcoin Daytrader,creator,,https://www.youtube.com/@BitcoinDaytrader,,,,
Bitcoin Education,creator,,https://www.youtube.com/@vazertuche,,,,
Bitcoin Learning,creator,,https://www.youtube.com/@bitcoinlearning365,,,,
Bitcoin Magazine,creator,,https://www.youtube.com/@BitcoinMagazine,,,,
Bitcoin Not Crypto,creator,,https://www.youtube.com/@bitcoinnotcrypto,,,,
Bitcoin Quickies,creator,,https://www.youtube.com/@BitcoinQuickies,,,,
Bitcoin Takeover,creator,,https://www.youtube.com/@BitcoinTakeover,,,,
Bitcoin Unlocked,creator,,https://www.youtube.com/@BitcoinUnlocked,,,,
Bitcoiner Malaysia,creator,,https://www.youtube.com/@bitcoinermalaysia,,,,
Bithyve,creator,,https://www.youtube.com/@bithyve3330,,,,
BITSOLOPLAYER Official,creator,,https://www.youtube.com/@BITSOLOPLAYER,,,,
BLKBoX Trading,creator,,https://www.youtube.com/@blkboxtrading,,,,
Blockchain Academics,creator,,https://www.youtube.com/@BlockchainAcademics,,,,
blockdyor,creator,,https://www.youtube.com/@blockdyor,,,,
Blockstream,creator,,https://www.youtube.com/@Blockstream,,,,
BTC Sessions,creator,,https://www.youtube.com/@BTCSessions,,,,
BTCPay Server,creator,,https://www.youtube.com/@BTCPayServer,,,,
Bull Bitcoin,creator,,https://www.youtube.com/@bullbitcoin9312,,,,
Cake Wallet,creator,,https://www.youtube.com/@cakewalletapp,,,,
Canadian Bitcoiners,creator,,https://www.youtube.com/@CanadianBitcoiners,,,,
Chris Bagnell,creator,,https://www.youtube.com/@chrisbagnell,,,,
Coinkite,creator,,https://www.youtube.com/@CoinkiteInc,,,,
Corner Culture,creator,,https://www.youtube.com/@CornerCulture821,,,,
crrdlx,creator,,https://www.youtube.com/@LeonsBBQ,,,,
Crypto Blick,creator,,https://www.youtube.com/@CryptoBlick,,,,
Crypto Bull,creator,,https://www.youtube.com/@cryptobulltv,,,,
Crypto Friday,creator,,https://www.youtube.com/@cryptofriday,,,,
Crypto Guide,creator,,https://www.youtube.com/@CryptoGuide,,,,
Crypto Moose,creator,,https://www.youtube.com/@cryptomoose,,,,
CryptoJar,creator,,https://www.youtube.com/@CryptoJar,,,,
CuriousInventor,creator,,https://www.youtube.com/@CuriousInventor,,,,
DaireBTC,creator,,https://www.youtube.com/@DaireBTC0,,,,
Darren Honeysett,creator,,https://www.youtube.com/@dhoneysett,,,,
Davani,creator,,https://www.youtube.com/@keydavani,,,,
Elestio,creator,,https://www.youtube.com/@elestio,,,,
Explore Crypto,creator,,https://www.youtube.com/@ExploreCrypto,,,,
Foundation,creator,,https://www.youtube.com/@foundationdevices,,,,
Frostsnap,creator,,https://www.youtube.com/@FrostsnapTech,,,,
GetBittr,creator,,https://www.youtube.com/@getbittr,,,,
Ginger Wallet,creator,,https://www.youtube.com/@ginger.wallet,,,,
Guy Swann,creator,,https://www.youtube.com/@theguyswann,,,,
Hardcore Bitcoiner,creator,,https://www.youtube.com/@hardcorebitcoiner1461,,,,
Ian Major,creator,,https://www.youtube.com/@IanMajor,,,,
IMineBlocks,creator,,https://www.youtube.com/@IMineBlocks,,,,
JBINZALA,creator,,https://www.youtube.com/@JBINZALA,,,,
Jonathan Levi,creator,,https://www.youtube.com/@Bitcoinftm,,,,
justh0dl,creator,,.https://www.youtube.com/@justh0dl,,,,
Kahoobb,creator,,https://www.youtube.com/@Kahoobb,,,,
KeepKey,creator,,https://www.youtube.com/@keepkey6256,,,,
Kevin Mulcrone,creator,,https://www.youtube.com/@KayBeSee,,,,
KF Chan,creator,,https://www.youtube.com/@KFChan,,,,
L33T GUY,creator,,https://www.youtube.com/@L33TGUY,,,,
Laine,creator,,https://www.youtube.com/@LaineGaming,,,,
Ledn,creator,,https://www.youtube.com/@LednInc,,,,
Liana Wallet,creator,,https://www.youtube.com/@lianabitcoin,,,,
Lightning Labs,creator,,https://www.youtube.com/@LightningLabs,,,,
lnbits,creator,,https://www.youtube.com/@lnbits,,,,
Luke's Tech,creator,,https://www.youtube.com/@Lukes-Tech,,,,
Ministry of Nodes,creator,,https://www.youtube.com/@MinistryofNodes,,,,
Money Reimagined,creator,,https://www.youtube.com/@moneyreimagined,,,,
MoneyZG,creator,,https://www.youtube.com/@MoneyZG,,,,
MyNode,creator,,https://www.youtube.com/@mynode,,,,
Natalie Brunell,creator,,https://www.youtube.com/@nataliebrunell,,,,
Nico Moran,creator,,https://www.youtube.com/@BITVOLT,,,,
Ocean,creator,,https://www.youtube.com/@ocean_mining,,,,
Paul Lamb,creator,,https://www.youtube.com/@paullamb1100,,,,
Peach,creator,,https://www.youtube.com/@peachbitcoin,,,,
PieCover BTC,creator,,https://www.youtube.com/@piecover,,,,
Pioneering Freedom,creator,,https://www.youtube.com/@PioneeringFreedom,,,,
Plan B Network,creator,,https://www.youtube.com/@PlanBNetwork,,,,
Rabid Mining,creator,,https://www.youtube.com/@RabidMining,,,,
Red Panda Mining,creator,,https://www.youtube.com/@RedPandaMining,,,,
Rhett Reisman,creator,,https://www.youtube.com/@RhettReisman,,,,
Robotechy,creator,,https://www.youtube.com/@Robotechy202,,,,
RoninDojo,creator,,https://www.youtube.com/@ronindojo8725,,,,
Ryan Matta,creator,,https://www.youtube.com/@RyanMatta,,,,
Ryan Scribner,creator,,https://www.youtube.com/@RyanScribner,,,,
SaniExp,creator,,https://www.youtube.com/@SaniExp,,,,
Satashi21,creator,,https://www.youtube.com/@satashi21m,,,,
Satoshi Radio Global,creator,,https://www.youtube.com/@SatoshiRadioGlobal,,,,
SeedSigner,creator,,https://www.youtube.com/@seedsigner5695,,,,
Southern Bitcoiner,creator,,https://www.youtube.com/@SouthernBitcoiner,,,,
Sovereign Money,creator,,https://www.youtube.com/@SVRNMoney,,,,
Specter,creator,,https://www.youtube.com/@SpecterWallet,,,,
TanleyBench,creator,,https://www.youtube.com/@tanleybench,,,,
Tech Express,creator,,https://www.youtube.com/@tech.express,,,,
TFTC,creator,,https://www.youtube.com/@TFTC,,,,
The Bitcoin Hardware Store,creator,,https://www.youtube.com/@TBHS_SV,,,,
The CryptoDad,creator,,https://www.youtube.com/@CryptoDad,,,,
The Hobbyist Miner,creator,,https://www.youtube.com/@TheHobbyistMiner,,,,
The Social Guide,creator,,https://www.youtube.com/@thesocialguide7659,,,,
The Space,creator,,https://www.youtube.com/@SpaceDenver,,,,
theBTCcourse,creator,,https://www.youtube.com/@thebtccourse,,,,
Theya,creator,,https://www.youtube.com/@theya-bitcoin,,,,
TJ Free,creator,,https://www.youtube.com/@TJFREE,,,,
Trezor,creator,,https://www.youtube.com/@TrezorWallet,,,,
Unchained,creator,,https://www.youtube.com/@unchainedbtc,,,,
Understanding Bitcoin,creator,,https://www.youtube.com/@understandingbit,,,,
Vasker Media,creator,,https://www.youtube.com/@vaskermedia,,,,
Voltage,creator,,https://www.youtube.com/@voltage_cloud,,,,
Vortex Bitcoin,creator,,https://www.youtube.com/@VortexBitcoin,,,,
VoskCoin,creator,,https://www.youtube.com/@VoskCoin,,,,
Wandering Maverick,creator,,https://www.youtube.com/@TheWanderingMavericks,,,,
WantClue,creator,,https://www.youtube.com/@WantClue,,,,
Wasabi Wallet,creator,,https://www.youtube.com/@WasabiWallet,,,,
Wicked Smart Bitcoin,creator,,https://www.youtube.com/@wickedsmartbitcoin,,,,
Wizardsardine,creator,,https://www.youtube.com/@wizardsardine,,,,
Yeti Bitcoin Wallet,creator,,https://www.youtube.com/@yetibitcoinwallet9959,,,,
BitBox,tag,https://bitbox.swiss/,,https://github.com/BitBoxSwiss,https://x.com/BitBoxSwiss,https://primal.net/p/nprofile1qqs9500z3l7sn46sdnls5fnjm0d3lqmrq7707qshes2y7j8pnm4rllcfc0kcc,
Bitkey,tag,https://bitkey.world/,,https://github.com/proto-at-block/bitkey,https://x.com/Bitkeyofficial,https://primal.net/p/nprofile1qqs9mvjd9uym8ey4w5vevlrxqfesm666cm6su27svcwqfvj8ztvhlgs0ejj6h,
ColdCard MK(1-4),tag,https://coldcard.com/mk4,,https://github.com/Coldcard/firmware,https://x.com/ColdcardWallet,https://primal.net/p/nprofile1qqszuwesacyzt8wda6c7rdshl6gv3e7kxf35nld77z7arfeyndweftc5k6qk3,
ColdCard Q,tag,https://coldcard.com/q,,https://github.com/Coldcard/firmware,https://x.com/ColdcardWallet,https://primal.net/p/nprofile1qqszuwesacyzt8wda6c7rdshl6gv3e7kxf35nld77z7arfeyndweftc5k6qk3,
Frostsnap,tag,https://frostsnap.com/,,https://github.com/frostsnap/frostsnap,https://x.com/FrostsnapTech,https://primal.net/p/nprofile1qqsy3hc9jy28npuqzmc908td6cmx6dtaf36llel2adch6kynwksywecl78fv9,
Jade,tag,https://blockstream.com/jade/,,https://github.com/Blockstream/jade/,https://x.com/BlockstreamJade,https://primal.net/Blockstream,
Jade Plus,tag,https://blockstream.com/jade/,,https://github.com/Blockstream/jade/,https://x.com/BlockstreamJade,https://primal.net/Blockstream,
KeepKey,tag,https://www.keepkey.com/,,https://github.com/keepkey/keepkey-firmware,https://x.com/cryptokeepkey,,
KeyFlint,tag,https://bitconserve.com/keyflint/,,https://github.com/aaronwu2017/KeyFlint,,,
Keystone,tag,https://keyst.one/,,https://github.com/KeystoneHQ/keystone3-firmware,https://x.com/KeystoneWallet,,
Krux,tag,https://selfcustody.github.io/krux/,,https://github.com/selfcustody/krux,https://x.com/selfcustodykrux,,
Ledger Flex,tag,https://www.ledger.com/,,https://github.com/LedgerHQ,https://x.com/Ledger,,
Ledger Nano(S/X),tag,https://www.ledger.com/,,https://github.com/LedgerHQ,https://x.com/Ledger,,
OneKey,tag,https://onekey.so/,,https://github.com/OneKeyHQ/firmware,https://x.com/OneKeyHQ,,
Opendime,tag,https://opendime.com/,,https://github.com/opendime/opendime,https://x.com/OPENDIME,https://primal.net/coinkite,
Passport Core,tag,https://foundation.xyz/passport-core/,,https://github.com/Foundation-Devices/passport2,https://x.com/FOUNDATIONdvcs,primal.net/p/nprofile1qqsg8k9myvegcelvu2klzvrdh9lr7qnms57chkhjymgpcts09n4dutstm4lkn,
Satochip,tag,https://satochip.io/,,https://github.com/Toporin/SatoChipApplet,https://x.com/satochip,,
Satodime,tag,https://satochip.io/product/satodime/,,https://github.com/Toporin/Satodime-Tool/tree/v0.2.1,https://x.com/Satochip,,
Satscard,tag,https://satscard.com/,,https://github.com/coinkite/coinkite-tap-proto,https://x.com/SATSCARD,https://primal.net/coinkite,
SeedSigner,tag,https://seedsigner.com/,,https://github.com/SeedSigner/seedsigner,https://x.com/SeedSigner,https://primal.net/p/nprofile1qqs09jtvjlmyrxjn37zv70a89csegcz7rpyqjmnw29cveedhv7vagqqdpq7p2,
Seedkeeper,tag,https://seedkeeper.io/,,https://github.com/Toporin/Seedkeeper-Applet,https://x.com/satochip,,
Specter DIY,tag,https://specter.solutions/build-guide,,https://github.com/cryptoadvance/specter-diy,https://x.com/SpecterDIY,https://primal.net/p/nprofile1qqsf8kak669ntprk2kuuw64chdyyvlps0kun4u09k8z89ns8af6vssqm9kca0,
Tapsigner,tag,https://tapsigner.com/,,https://github.com/coinkite/coinkite-tap-proto,https://x.com/TAPSIGNER,primal.net/coinkite,
Trezor One,tag,https://trezor.io/trezor-model-one,,https://github.com/trezor/trezor-firmware,https://x.com/Trezor,,
Trezor Safe(3/5),tag,https://trezor.io/,,https://github.com/trezor/trezor-firmware,https://x.com/Trezor,,
Trezor T,tag,https://trezor.io/trezor-safe-5,,https://github.com/trezor/trezor-firmware,https://x.com/Trezor,,
Aqua,tag,https://aquawallet.io/,,https://github.com/AquaWallet/aqua-wallet,https://x.com/AquaBitcoin,https://primal.net/p/nprofile1qqswe03hyye2jv3msylwkj8cml8d4m9qpc5g0tccrvrrcm86z0kcagg0zjv3w,"iphone,android"
Ashigaru,tag,https://ashigaruwallet.app/,,,https://x.com/Ashigaruwallets,,android
Bitcoin Core Wallet,tag,https://bitcoincore.org/,,https://github.com/bitcoin/bitcoin/,https://x.com/bitcoincoreorg,,"mac,windows,linux"
Bitcoin Keeper,tag,https://bitcoinkeeper.app/,,https://github.com/bithyve/bitcoin-keeper,https://x.com/bitcoinKeeper_,,"mac,windows,linux,iphone,android"
Blitz,tag,https://blitzwalletapp.com/,,https://github.com/BlitzWallet/BlitzWallet,https://x.com/BlitzWalletApp,https://primal.net/p/nprofile1qqsvdc3s5f0260zfwqfkx7lnw77wmqw8ekmqmzq6v0kmzw9s32ngpqcfwuxkg,"iphone,android"
Blixt,tag,https://blixtwallet.github.io/,,https://github.com/hsjoberg/blixt-wallet,https://x.com/BlixtWallet,,"iphone,android"
Blockstream App,tag,https://blockstream.com/app/,,https://github.com/Blockstream/green_android,https://x.com/BlockstreamApp,https://primal.net/Blockstream,"mac,windows,linux,iphone,android"
BlueWallet,tag,https://bluewallet.io/,,https://github.com/BlueWallet/BlueWallet,https://x.com/bluewalletio,,"mac,iphone,android"
Breez,tag,https://breez.technology/,,https://github.com/breez,https://x.com/Breez_Tech,https://primal.net/p/nprofile1qqsfwyw34w5qdgazshlnap73wkgzcte9qaqcvrvuvkgrez67scltmqglmz585,"iphone,android"
Cake,tag,https://cakewallet.com/,,https://github.com/cake-tech/cake_wallet,https://x.com/cakewallet,https://primal.net/p/nprofile1qqs0cpan3knpzta7dn2wpyas2l976yyxjfc9rqt88uedt4qw4h4dfkguz7t4v,"mac,windows,linux,iphone,android"
Cashu.me,tag,https://wallet.cashu.me/welcome,,https://github.com/cashubtc/cashu.me,https://x.com/CashuBTC,,
Electrum,tag,https://electrum.org/,,https://github.com/spesmilo/electrum,https://x.com/ElectrumWallet,,"mac,windows,linux,android"
Envoy,tag,https://foundation.xyz/envoy/,,https://github.com/Foundation-Devices/envoy,https://x.com/FOUNDATIONdvcs,https://primal.net/p/nprofile1qqsg8k9myvegcelvu2klzvrdh9lr7qnms57chkhjymgpcts09n4dutstm4lkn,"iphone,android"
Fedi,tag,https://www.fedi.xyz/,,https://github.com/fedibtc/,https://x.com/fedibtc,https://primal.net/Fedi,"iphone,android"
Ginger,tag,https://gingerwallet.io/,,https://github.com/GingerPrivacy/GingerWallet,https://x.com/GingerWallet,https://primal.net/p/nprofile1qqsps8z6czk4nl5hlu3e4l989zu9mphctv2deqjdvj4qsm9ekdc8m8qgs7mph,"mac,windows,linux"
JAM,tag,https://jamapp.org/,,https://github.com/joinmarket-webui/jam,,https://primal.net/p/npub1jamj9l9vsrra9m58y6syyjvfcf85wvev7pm3vvwqkr0e8vzdyhsqvhw852,
Joltz,tag,https://www.joltz.app/wallet,,https://github.com/JoltzRewards,https://x.com/Joltz_btc,https://primal.net/p/nprofile1qqsf4tzmr6w7d5xnyeanut3tn7xncxx6ucxjgee3hk7tn6lztct5zxsvdugjr,
Liana,tag,https://wizardsardine.com/liana/,,https://github.com/wizardsardine/liana,https://x.com/lianabitcoin,https://primal.net/p/nprofile1qqsvetzrdtkpc8kz4eg54hstse8rx7cye5cvcgw9p4e7pt4s6nadw9gf6h6qe,"mac,windows,linux"
Lily,tag,https://lily-wallet.com/,,https://github.com/Lily-Technologies/lily-wallet,https://x.com/LilyWallet,,mac
Mercury,tag,https://docs.mercurylayer.com/,,https://github.com/layer2tech/mercurylayer_com,https://x.com/mercurylayer,,
Minibits,tag,https://www.minibits.cash/,,https://github.com/minibits-cash/minibits_wallet,https://x.com/MinibitsCash,https://primal.net/p/nprofile1qqstxwlea9ah3u6kjjszu6a7lrnhqkfh8eptp2z6v0e9558tlkkl2rg20d4vz,"iphone,android"
Mutiny,tag,https://app.mutinywallet.com/setup,,https://github.com/MutinyWallet,https://x.com/MutinyWallet,https://primal.net/p/nprofile1qqs0q693ptuuyxqe0xrw0376gxqdjquttkppzvwgks6whfrz929p6hqgwm0ur,
Muun,tag,http://muun.com/,,https://github.com/muun,https://x.com/MuunWallet,,"iphone,android"
Nunchuk,tag,https://nunchuk.io/,,https://github.com/nunchuk-io,https://x.com/nunchuk_io,https://primal.net/p/nprofile1qqsvxq03xdev3uxehjqcdkr5lfzl5vawmcf7vm6ps73m6ghwg8y4k2shaefxp,"mac,windows,linux,iphone,android"
Nutstash,tag,https://www.nutstash.app/,,https://github.com/gandlafbtc/nutstash-wallet,,https://primal.net/p/nprofile1qqsv58vys64aq0twjx4qgt9c26na5rdfteaksxqtygeh463v6tksg6gg2adqh,
Phoenix,tag,https://phoenix.acinq.co/,,https://phoenix.acinq.co/,https://x.com/PhoenixWallet,https://primal.net/p/nprofile1qqs2nsd66pv44e5avmytw4ejy7k7fn8fq7rczrnaexcy8v2y484xjcsvjcjja,"iphone,android"
Proton,tag,https://proton.me/wallet,,https://github.com/protonwallet/,https://x.com/ProtonWallet,https://primal.net/p/nprofile1qqsrc23txhhfq2yt9m32s7h90864j2cg62hvq4tpkrz8cvhpg5z39vglkz8w2,"iphone,android"
Spark,tag,,,https://github.com/shesek/spark-wallet,,,"mac,windows,linux,android"
Sparrow,tag,https://sparrowwallet.com/,,https://github.com/sparrowwallet/sparrow,https://x.com/SparrowWallet,https://primal.net/craigraw,"mac,windows,linux"
Specter Desktop,tag,https://specter.solutions/desktop/,,https://github.com/cryptoadvance/specter-desktop,https://x.com/SpecterWallet,https://primal.net/p/nprofile1qqsgquu9u3hf8xdl25mjvt9ymnj3zu97z7q9279wu5v3st8wxhjzr9shj3xk0,"mac,windows,linux"
Speed,tag,https://www.speed.app/,,,https://x.com/speedwallet,,"iphone,android"
Theya,tag,https://theya.us/,,https://github.com/theyabtc,https://x.com/TheyaBitcoin,https://primal.net/p/nprofile1qqs8dehgmwuqp83xgsw24rcfjl2a2yp6xpa8lu9p4yvpyxz4an0xvpcxedvft,iphone
Wasabi,tag,https://wasabiwallet.io/,,https://github.com/WalletWasabi,https://x.com/wasabiwallet,https://primal.net/p/nprofile1qqsf80gvdu7vhtj88z9srtrvuzevqyc3fh9yczxkufcj6nlhzsz68scmupga8,"mac,windows,linux"
Yeti,tag,https://yeticold.com/,,https://github.com/JWWeatherman/yeticold,https://x.com/YetiWallet,,linux
Zebedee,tag,https://zbd.gg/,,https://github.com/zbdpay,https://x.com/zbdpay,https://primal.net/p/nprofile1qqsv73e7h6tndwngn3ccmc74auufpx722ldncw8rl8087hddljyw6mcnjg4eg,"iphone,android"
Zeus,tag,https://zeusln.com/,,https://github.com/ZeusLN/zeus,https://x.com/ZeusLN,https://primal.net/zeus,"iphone,android"
eNuts,tag,https://www.enuts.cash/,,https://github.com/cashubtc/eNuts,,https://primal.net/p/npub1dx5q2el8nd4eh3eg9t2e25fd7zuqg7zxz6ldkc3uzgh66ss2yc6st288sj,
Ashigaru Dojo,tag,https://ashigaruwallet.app/,,,https://x.com/Ashigaruwallets,,
Bitcoin Core,tag,https://bitcoincore.org/,,https://github.com/bitcoin/bitcoin/,https://x.com/bitcoincoreorg,,"mac,windows,linux"
Bitcoin Knots,tag,https://bitcoinknots.org/,,https://github.com/bitcoinknots/bitcoin,https://x.com/BitcoinKnots,,"mac,windows,linux"
Bitcoin Node Box,tag,https://ministryofnodes.com.au/,,,https://x.com/ministryofnodes,,linux
Citadel,tag,https://runcitadel.space/,,https://github.com/runcitadel/citadel,,,linux
Electrum Rust Server (Electrs),tag,,,https://github.com/romanz/electrs,,,linux
Fulcrum,tag,https://fulcrumserver.org/,,https://github.com/cculianu/Fulcrum,,,"mac,windows,linux"
Fully Noded,tag,https://fullynoded.app/,,https://github.com/Fonta1n3/FullyNoded,https://x.com/FullyNoded,,"mac,iphone"
MyNode,tag,https://mynodebtc.com/,,https://github.com/mynodebtc/mynode,https://x.com/mynodebtc,https://primal.net/p/nprofile1qqsp4za5duapejf2g0exeu354jzuh8fe9fevldxhsqztk9hhtteurxgszl2uc,
Parmanode,tag,https://parmanode.com/,,https://github.com/ArmanTheParman/Parmanode,https://x.com/parman_the,,"mac,windows,linux"
Raspiblitz,tag,https://docs.raspiblitz.org/,,https://github.com/raspiblitz/raspiblitz,https://x.com/RaspiBlitz,https://primal.net/p/nprofile1qqsdzexh3s943m0tyt25jskv7tup2kl053wupcm30nqls8g0zy69r0cekd245,
RoninDojo,tag,https://ronindojo.io/,,https://github.com/RoninDojo/RoninDojo,https://x.com/RoninDojoNode,,
Start9,tag,https://start9.com/,,https://github.com/Start9Labs,https://x.com/start9labs,https://primal.net/p/nprofile1qqs9df4h2deu3aae83fmet5xmrlm4w5l9gdnsy3q2n7dklem7ezmwfc6c32nl,
Ubuntu Node Box,tag,https://ministryofnodes.com.au/,,,https://x.com/ministryofnodes,,linux
Umbrel,tag,https://umbrel.com/,,https://github.com/getumbrel/umbrel,https://x.com/umbrel,https://primal.net/p/nprofile1qqsw5t3us9xs3gmclzjm37hvk2yy6pv9t96utjjttsj794hexc5x79qzl2gvy,
Avalon Nano,tag,https://avalon-nano.org/,,https://github.com/Canaan-Creative/Avalon_Nano3s,https://x.com/CanaanInc1,,
Bitaxe,tag,https://bitaxe.org/,,https://github.com/bitaxeorg,https://x.com/skot9000,https://primal.net/p/nprofile1qqsq04ppqc5dzfk5p86fg08xu2stpnnhtzfu6fh9vv0vgp43qg8jvuc3kcg20,
Braiins Mini Miner,tag,https://braiins.com/hardware/mini-miner-bmm-101,,https://github.com/braiins/bmminer,https://x.com/BraiinsMining,,
Braiins Pool,tag,https://braiins.com/pool,,,https://x.com/BraiinsMining,,
DATUM,tag,https://ocean.xyz/docs/datum-setup,,https://github.com/OCEAN-xyz/datum_gateway,https://x.com/ocean_mining,https://primal.net/p/nprofile1qqsq9k04vahllseell55m74n3047y88pzlr0z5yany32st29fapqmgstcvu4w,
Futurebit,tag,https://www.futurebit.io/,,https://github.com/jstefanop/Apollo-Miner-Binaries,https://x.com/FutureBit,,
NerdAxe,tag,https://nerdaxe.org/,,https://github.com/nerdaxe,https://x.com/realnerdaxe,,
Alby,tag,https://getalby.com/,,https://github.com/getAlby,https://x.com/getAlby,https://primal.net/p/nprofile1qqsyv47lazt9h6ycp2fsw270khje5egjgsrdkrupjg27u796g7f5k0s8jq7y6,
Bolt Ring,tag,https://bitcoin-ring.com/,,https://github.com/bitcoin-ring,https://x.com/bitcoin_ring,,
Boltz,tag,https://boltz.exchange/,,https://github.com/BoltzExchange,https://x.com/Boltzhq,https://primal.net/p/nprofile1qqsqcdcltmv4qanpx3p7svcufdsg9rkk00x7l2sknra4e6whkv59l7clgcdzj,
Core Lightning,tag,https://corelightning.org/,,https://github.com/ElementsProject/lightning,https://x.com/Core_LN,,linux
LNbits,tag,https://lnbits.com/,,https://github.com/lnbits/lnbits,https://x.com/lnbits,https://primal.net/p/nprofile1qqs8u5uf0rd2p9wmdxxaznpn54tkq8wwspmljy0cjqw6jdgm5kv84dsd6z52x,
Lightning Network Daemon (LND),tag,https://lightning.engineering/api-docs/api/lnd/,,https://github.com/lightningnetwork/lnd,https://x.com/lightning,,
Lightning Node Connect,tag,https://docs.lightning.engineering/lightning-network-tools/lightning-terminal/lightning-node-connect,,https://github.com/lightninglabs/lightning-node-connect,https://x.com/lightning,,
Loop,tag,https://docs.lightning.engineering/lightning-network-tools/loop,,https://github.com/lightninglabs/loop,https://x.com/lightning,,
Pool,tag,https://docs.lightning.engineering/lightning-network-tools/pool,,https://github.com/lightninglabs/pool,https://x.com/lightning,,
Ride The Lightning,tag,https://www.ridethelightning.info/,,https://github.com/Ride-The-Lightning,https://x.com/RTL_App,https://primal.net/p/nprofile1qqszpz6sn5nnry0zzemfwtlhz74tdv490z3fa9lz5x3c2qucj5kkxpg4lqs0e,
Thunderhub,tag,https://www.thunderhub.io/,,https://github.com/apotdevin/thunderhub,https://x.com/thunderhubio,,
Voltage,tag,https://www.voltage.cloud/,,https://github.com/voltagecloud,https://x.com/voltage_cloud,https://primal.net/p/nprofile1qqs2t0mx5nzctcj8jaw6fynj6puxtdmpx0j9yajk5rqdt7qtsj60dfgf4xc85,
Coinjoin (JoinMarket),tag,https://www.joinmarket.cloud/index.html,,https://github.com/JoinMarket-Org/joinmarket-clientserver,https://x.com/joinmarket,,
Coinjoin (Wabisabi),tag,,,https://github.com/WalletWasabi/WabiSabi,,,
Coinjoin (Whirlpool),tag,,,https://github.com/Samourai-Wallet/Whirlpool,,,
Payjoin,tag,https://payjoin.org/,,https://github.com/payjoin,https://x.com/payjoindevkit,,
SeedQR,tag,https://blockdyor.com/seedqr/,,https://github.com/SeedSigner/seedsigner/blob/dev/docs/seed_qr/README.md,,,
Silent Payments,tag,https://silentpayments.xyz/,,https://github.com/sethforprivacy/silentpaymentsxyz,,,
Statechains,tag,https://medium.com/@RubenSomsen/statechains-non-custodial-off-chain-bitcoin-transfer-1ae4845a4a39,,https://github.com/commerceblock/mercury/blob/master/doc/statechains.md,,,
Border Wallet,tag,https://www.borderwallets.com/,,https://github.com/microchad/borderwallets,https://x.com/BorderWallets,,
Child Pays For Parent (CPFP),tag,https://bitcoinops.org/en/topics/cpfp/,,https://github.com/bitcoin/bitcoin/pull/7600,,,
Gettxoutsetinfo (Audit Supply),tag,https://developer.bitcoin.org/reference/rpc/gettxoutsetinfo.html,,,,,
Mempool.space Accelerator,tag,https://mempool.space/accelerator,,,https://x.com/mempool,https://primal.net/mempool,
Partially Signed Bitcoin Transactions (PSBT),tag,https://bitcoinops.org/en/topics/psbt/,,https://github.com/bitcoin/bips/blob/master/bip-0370.mediawiki,,,
Paynyms (BIP 47),tag,,,https://github.com/bitcoin/bips/blob/master/bip-0047.mediawiki,,,
Replace By Fee (RBF),tag,https://bitcoinops.org/en/topics/replace-by-fee/,,https://github.com/bitcoin/bips/blob/master/bip-0113.mediawiki,,,
Seed XOR,tag,https://seedxor.com/,,https://github.com/Coldcard/firmware/blob/master/docs/seed-xor.md,,,
Shamir's Secret Sharing (SLIP-39),tag,https://content.trezor.io/slip-39,,https://github.com/satoshilabs/slips/blob/master/slip-0039.md,,,
Taproot Assets,tag,https://docs.lightning.engineering/the-lightning-network/taproot-assets,,https://github.com/lightninglabs/taproot-assets,https://x.com/lightning,,
Timelocks,tag,https://bitcoinops.org/en/topics/timelocks/,,,,,
Anchorwatch/Trident,tag,https://www.anchorwatch.com/,,https://github.com/AnchorWatch,https://x.com/AnchorWatch,,
Azteco,tag,https://azte.co/,,,https://x.com/Azteco_,https://primal.net/p/nprofile1qqszf6akkkxshxz2jedhd7pva8hls72ue9ggtfxsnhku262fa4vk4ksnfc93c,
BTCPay Server,tag,https://btcpayserver.org/,,https://github.com/btcpayserver/btcpayserver,https://x.com/BtcpayServer,https://primal.net/btcpayserver,
Bisq,tag,https://bisq.network/,,https://github.com/bisq-network/bisq,https://x.com/bisq_network,https://primal.net/bisq,"mac,windows,linux"
Bitaroo,tag,https://www.bitaroo.com.au/,,https://github.com/Bitaroo,https://x.com/BitarooExchange,https://primal.net/p/nprofile1qqstdpjuhre0ddxkqany0hn2raztsxp5n7r2tlwtg7wl2hftzncfxhqu03a3s,"iphone,android"
Bitcoin Well,tag,https://bitcoinwell.com/,,https://github.com/BitcoinWell,https://x.com/TheBitcoinWell,,
Bitrefill,tag,https://www.bitrefill.com/ca/en/,,https://github.com/bitrefill/,https://x.com/bitrefill,https://primal.net/p/nprofile1qqsdlpj77jpsf944q8htmzph0jg02g2xn4ru2wvhxq8zyk4trv5myeq0v8mfn,"iphone,android"
Bittr,tag,https://getbittr.com/,,,https://x.com/GetBittr,https://primal.net/p/nprofile1qqszwk3fha20mytuy0q7ts4tfja9slz53zgq2e8ktwzmf477je9vp4g9c9mkf,
Bull Bitcoin,tag,https://www.bullbitcoin.com/,,https://github.com/SatoshiPortal,https://x.com/BullBitcoin_,https://primal.net/p/nprofile1qqsr70lh4keezkwy9s92zm2ncpyrh7l6647ly257n6fkfgcxws0t9ncn936mg,
Casa,tag,https://casa.io/,,https://github.com/casa,https://x.com/CasaHODL,https://primal.net/p/nprofile1qqsvwcwuwcwmucx3s7dfs54m49h7uclw4vxh8ygu25m9chk0ypy5ngsq0mpq7,"iphone,android"
Coinos,tag,https://coinos.io/,,https://github.com/CoinOS,,https://primal.net/p/nprofile1qqs890du277adh7yucng2pgaaqzp69yv8350us4lxq0hr2nv75l997cd4rmzp,
Debifi,tag,https://debifi.com/,,,https://x.com/debificom,https://primal.net/p/nprofile1qqszjy3du4wgp7tfy8rgguumyee2rte73jyqsfp4d6n75gxxypg4yyq3z95q0,"iphone,android"
Fountain,tag,https://www.fountain.fm/,,,https://x.com/fountain_app,https://primal.net/Fountain,"iphone,android"
Hodl Hodl,tag,https://hodlhodl.com/,,https://github.com/hhodl,https://x.com/hodlhodl,,
IBEXPay,tag,https://www.ibexpay.io/,,https://github.com/IBEXDWM/IBEXPay-Woocommerce,https://x.com/IBEXpay,,
Kraken,tag,https://www.kraken.com/en-ca,,https://github.com/krakenfx,https://x.com/krakenfx,,"iphone,android"
Ledn,tag,https://www.ledn.io/,,,https://x.com/hodlwithLedn,,
Peach,tag,https://peachbitcoin.com/,,https://github.com/Peach2Peach/,https://x.com/peachbitcoin,https://primal.net/p/nprofile1qqs2gazhwghppw36yu0muuzqykdrcndzeafml50pnqfcy9xjx5rylsss0wkz7,"iphone,android"
River,tag,https://river.com/,,https://github.com/riverfinancial,https://x.com/River,https://primal.net/p/nprofile1qqsrtv3u6qkj6a09tnhr3l0wy67g9uw3t57ftqyqpvztpk3wmd6306s92qxwz,"iphone,android"
Robosats,tag,https://learn.robosats.org/,,https://github.com/RoboSats/robosats,https://x.com/RoboSats,https://primal.net/p/nprofile1qqsyx53h3h7ec4fwlspjq0kqec5gv54t7rc48xdtq6q4y94wsw4fnjqsg3jtv,"mac,windows,linux,android"
Shakepay,tag,https://shakepay.com/,,https://github.com/shakepay,https://x.com/shakepay,,"iphone,android"
Spike to Spike,tag,https://spiketospike.com/,,https://github.com/SpikeToSpike,https://x.com/spiketospike,,
Strike,tag,https://strike.me/,,,https://x.com/Strike,https://primal.net/p/npub1ex7mdykw786qxvmtuls208uyxmn0hse95rfwsarvfde5yg6wy7jq6qvyt9,"iphone,android"
Unchained/Caravan,tag,https://www.unchained.com/,,https://github.com/unchained-capital,https://x.com/unchained,,
Liquid,tag,https://liquid.net/,,https://github.com/ElementsProject/elements,https://x.com/Liquid_BTC,https://primal.net/LiquidNetwork,
Testnet,tag,https://en.bitcoin.it/wiki/Testnet,,https://github.com/bitcoin/bitcoin,,,
USDT,tag,https://tether.to/en/,,https://github.com/tetherto,https://x.com/Tether_to,,
Cashu,tag,https://cashu.space/,,https://github.com/cashubtc,https://x.com/CashuBTC,,
Fedimint,tag,https://fedimint.org/,,https://github.com/fedimint,https://x.com/fedimint,https://primal.net/p/nprofile1qqsgwgkrss7gthwkzc49edgxu895664setaevcp57snw2k3wlzdrghswflshg,